{
  "$schema": "https://docs.renovatebot.com/renovate-schema.json",
  "extends": [
    "config:base",
    ":dependencyDashboard",
    "schedule:weekly"
  ],
  "labels": ["renovate"],
  "ignoreDeps": [
    "com.squareup.okhttp3:okhttp",
    "com.squareup.okhttp3:okhttp-tls",
    "com.squareup.okhttp3:mockwebserver"
  ],
  "packageRules": [
    {
      "matchPackagePatterns": [
        "biz.*"
      ],
      "groupName": "bnd"
    },
    {
      "matchPackagePatterns": [
        "org.graalvm.*"
      ],
      "groupName": "graalvm"
    },
    {
      "matchPackageNames": ["org.objenesis:objenesis"],
      "allowedVersions": "<=2.6"
    },
    {
      "matchPackageNames": ["org.eclipse.jetty:jetty-client"],
      "allowedVersions": "<10.0",
      "description": "JDK 11 requirement"
    },
    {
      "matchPackageNames": ["org.junit-pioneer:junit-pioneer"],
      "allowedVersions": "<2.0.0",
      "description": "JDK 11 requirement"
    }
  ]
}
